Workbook

Sheet Parser
A1: art | B1: geo | C1: geo_r | D1: razmer | E1: S | F1: re | G1: chip | H1: alloy | I1: shape | J1: m1 | K1: m2 | L1: m3 | M1: m4 | N1: m5 | O1: m6 | P1: Material_plastiny | Q1: Konstruktciia_plastiny
A2: CNMG09T308-GM-GP1225 | B2: =LEFT(A2,4) -> CNMG | C2: =LEFT(A2,2)&"**" -> CN** | D2: =MID(A2,5,2) -> 09 | E2: =IFERROR(VLOOKUP(MID(A2,7,2),Map!$A$2:$B$20,2,FALSE),"") -> 3.97 | F2: =IF(A2="","",IFERROR(VLOOKUP(MID(A2,9,2),Map!$R$2:$S$14,2,FALSE),"")) -> 0.8 | G2: =IFERROR(MID(A2,FIND("-",A2)+1,FIND("-",A2,FIND("-",A2)+1)-FIND("-",A2)-1),"") -> GM | H2: =IFERROR(RIGHT(A2,LEN(A2)-FIND("-",A2,FIND("-",A2)+1)),"") -> GP1225 | I2: =IF(A2="","",IFERROR(VLOOKUP(LEFT(A2,1),Map!$D$2:$E$20,2,FALSE),"")) -> Ромб 80° (С***) | J2: =IF(OR(H2="",NOT(OR(LEFT(H2,1)="G",LEFT(H2,1)="R"))),"",IFERROR(VLOOKUP(MID(H2,2,1),Map!$J$2:$M$10,2,FALSE),"")) -> P | K2: =IF(OR(H2="",NOT(OR(LEFT(H2,1)="G",LEFT(H2,1)="R")),MID(H2,2,1)<>"A"),"","M") | L2: =IF(OR(H2="",NOT(OR(LEFT(H2,1)="G",LEFT(H2,1)="R")),MID(H2,2,1)<>"A"),"","K") | M2: =IF(OR(H2="",NOT(OR(LEFT(H2,1)="G",LEFT(H2,1)="R"))),"","") | N2: =IF(OR(H2="",NOT(OR(LEFT(H2,1)="G",LEFT(H2,1)="R"))),"","") | O2: =IF(OR(H2="",NOT(OR(LEFT(H2,1)="G",LEFT(H2,1)="R"))),"","") | P2: =IF(OR(H2="",NOT(OR(LEFT(H2,1)="G",LEFT(H2,1)="R"))),"",IFERROR(VLOOKUP(MID(H2,3,1),Map!$G$2:$H$10,2,FALSE),"")) -> CVD | Q2: =IF(A2="","",IFERROR(VLOOKUP(MID(A2,4,1),Map!$O$2:$P$10,2,FALSE),"")) -> с отверстием/двухсторонний (***G)
A3: CNMG090308-GM-GP1226 | B3: =LEFT(A3,4) -> CNMG | C3: =LEFT(A3,2)&"**" -> CN** | D3: =MID(A3,5,2) -> 09 | E3: =IFERROR(VLOOKUP(MID(A3,7,2),Map!$A$2:$B$20,2,FALSE),"") -> 3.18 | F3: =IF(A3="","",IFERROR(VLOOKUP(MID(A3,9,2),Map!$R$2:$S$14,2,FALSE),"")) -> 0.8 | G3: =IFERROR(MID(A3,FIND("-",A3)+1,FIND("-",A3,FIND("-",A3)+1)-FIND("-",A3)-1),"") -> GM | H3: =IFERROR(RIGHT(A3,LEN(A3)-FIND("-",A3,FIND("-",A3)+1)),"") -> GP1226 | I3: =IF(A3="","",IFERROR(VLOOKUP(LEFT(A3,1),Map!$D$2:$E$20,2,FALSE),"")) -> Ромб 80° (С***) | J3: =IF(OR(H3="",NOT(OR(LEFT(H3,1)="G",LEFT(H3,1)="R"))),"",IFERROR(VLOOKUP(MID(H3,2,1),Map!$J$2:$M$10,2,FALSE),"")) -> P | K3: =IF(OR(H3="",NOT(OR(LEFT(H3,1)="G",LEFT(H3,1)="R")),MID(H3,2,1)<>"A"),"","M") | L3: =IF(OR(H3="",NOT(OR(LEFT(H3,1)="G",LEFT(H3,1)="R")),MID(H3,2,1)<>"A"),"","K") | M3: =IF(OR(H3="",NOT(OR(LEFT(H3,1)="G",LEFT(H3,1)="R"))),"","") | N3: =IF(OR(H3="",NOT(OR(LEFT(H3,1)="G",LEFT(H3,1)="R"))),"","") | O3: =IF(OR(H3="",NOT(OR(LEFT(H3,1)="G",LEFT(H3,1)="R"))),"","") | P3: =IF(OR(H3="",NOT(OR(LEFT(H3,1)="G",LEFT(H3,1)="R"))),"",IFERROR(VLOOKUP(MID(H3,3,1),Map!$G$2:$H$10,2,FALSE),"")) -> CVD | Q3: =IF(A3="","",IFERROR(VLOOKUP(MID(A3,4,1),Map!$O$2:$P$10,2,FALSE),"")) -> с отверстием/двухсторонний (***G)
A4: CNMG120808-YF-GM3220 | B4: =LEFT(A4,4) -> CNMG | C4: =LEFT(A4,2)&"**" -> CN** | D4: =MID(A4,5,2) -> 12 | E4: =IFERROR(VLOOKUP(MID(A4,7,2),Map!$A$2:$B$20,2,FALSE),"") | F4: =IF(A4="","",IFERROR(VLOOKUP(MID(A4,9,2),Map!$R$2:$S$14,2,FALSE),"")) -> 0.8 | G4: =IFERROR(MID(A4,FIND("-",A4)+1,FIND("-",A4,FIND("-",A4)+1)-FIND("-",A4)-1),"") -> YF | H4: =IFERROR(RIGHT(A4,LEN(A4)-FIND("-",A4,FIND("-",A4)+1)),"") -> GM3220 | I4: =IF(A4="","",IFERROR(VLOOKUP(LEFT(A4,1),Map!$D$2:$E$20,2,FALSE),"")) -> Ромб 80° (С***) | J4: =IF(OR(H4="",NOT(OR(LEFT(H4,1)="G",LEFT(H4,1)="R"))),"",IFERROR(VLOOKUP(MID(H4,2,1),Map!$J$2:$M$10,2,FALSE),"")) -> M | K4: =IF(OR(H4="",NOT(OR(LEFT(H4,1)="G",LEFT(H4,1)="R")),MID(H4,2,1)<>"A"),"","M") | L4: =IF(OR(H4="",NOT(OR(LEFT(H4,1)="G",LEFT(H4,1)="R")),MID(H4,2,1)<>"A"),"","K") | M4: =IF(OR(H4="",NOT(OR(LEFT(H4,1)="G",LEFT(H4,1)="R"))),"","") | N4: =IF(OR(H4="",NOT(OR(LEFT(H4,1)="G",LEFT(H4,1)="R"))),"","") | O4: =IF(OR(H4="",NOT(OR(LEFT(H4,1)="G",LEFT(H4,1)="R"))),"","") | P4: =IF(OR(H4="",NOT(OR(LEFT(H4,1)="G",LEFT(H4,1)="R"))),"",IFERROR(VLOOKUP(MID(H4,3,1),Map!$G$2:$H$10,2,FALSE),"")) -> PVD | Q4: =IF(A4="","",IFERROR(VLOOKUP(MID(A4,4,1),Map!$O$2:$P$10,2,FALSE),"")) -> с отверстием/двухсторонний (***G)
A5: VCMT160404-GP-GM3225 | B5: =LEFT(A5,4) -> VCMT | C5: =LEFT(A5,2)&"**" -> VC** | D5: =MID(A5,5,2) -> 16 | E5: =IFERROR(VLOOKUP(MID(A5,7,2),Map!$A$2:$B$20,2,FALSE),"") -> 4.76 | F5: =IF(A5="","",IFERROR(VLOOKUP(MID(A5,9,2),Map!$R$2:$S$14,2,FALSE),"")) -> 0.4 | G5: =IFERROR(MID(A5,FIND("-",A5)+1,FIND("-",A5,FIND("-",A5)+1)-FIND("-",A5)-1),"") -> GP | H5: =IFERROR(RIGHT(A5,LEN(A5)-FIND("-",A5,FIND("-",A5)+1)),"") -> GM3225 | I5: =IF(A5="","",IFERROR(VLOOKUP(LEFT(A5,1),Map!$D$2:$E$20,2,FALSE),"")) -> Ромб 35° (V***) | J5: =IF(OR(H5="",NOT(OR(LEFT(H5,1)="G",LEFT(H5,1)="R"))),"",IFERROR(VLOOKUP(MID(H5,2,1),Map!$J$2:$M$10,2,FALSE),"")) -> M | K5: =IF(OR(H5="",NOT(OR(LEFT(H5,1)="G",LEFT(H5,1)="R")),MID(H5,2,1)<>"A"),"","M") | L5: =IF(OR(H5="",NOT(OR(LEFT(H5,1)="G",LEFT(H5,1)="R")),MID(H5,2,1)<>"A"),"","K") | M5: =IF(OR(H5="",NOT(OR(LEFT(H5,1)="G",LEFT(H5,1)="R"))),"","") | N5: =IF(OR(H5="",NOT(OR(LEFT(H5,1)="G",LEFT(H5,1)="R"))),"","") | O5: =IF(OR(H5="",NOT(OR(LEFT(H5,1)="G",LEFT(H5,1)="R"))),"","") | P5: =IF(OR(H5="",NOT(OR(LEFT(H5,1)="G",LEFT(H5,1)="R"))),"",IFERROR(VLOOKUP(MID(H5,3,1),Map!$G$2:$H$10,2,FALSE),"")) -> PVD | Q5: =IF(A5="","",IFERROR(VLOOKUP(MID(A5,4,1),Map!$O$2:$P$10,2,FALSE),"")) -> отверстие с зенковкой 40°-60°/односторонний (***T)
A6: VCMT160404-GP-GM3225 | B6: =LEFT(A6,4) -> VCMT | C6: =LEFT(A6,2)&"**" -> VC** | D6: =MID(A6,5,2) -> 16 | E6: =IFERROR(VLOOKUP(MID(A6,7,2),Map!$A$2:$B$20,2,FALSE),"") -> 4.76 | F6: =IF(A6="","",IFERROR(VLOOKUP(MID(A6,9,2),Map!$R$2:$S$14,2,FALSE),"")) -> 0.4 | G6: =IFERROR(MID(A6,FIND("-",A6)+1,FIND("-",A6,FIND("-",A6)+1)-FIND("-",A6)-1),"") -> GP | H6: =IFERROR(RIGHT(A6,LEN(A6)-FIND("-",A6,FIND("-",A6)+1)),"") -> GM3225 | I6: =IF(A6="","",IFERROR(VLOOKUP(LEFT(A6,1),Map!$D$2:$E$20,2,FALSE),"")) -> Ромб 35° (V***) | J6: =IF(OR(H6="",NOT(OR(LEFT(H6,1)="G",LEFT(H6,1)="R"))),"",IFERROR(VLOOKUP(MID(H6,2,1),Map!$J$2:$M$10,2,FALSE),"")) -> M | K6: =IF(OR(H6="",NOT(OR(LEFT(H6,1)="G",LEFT(H6,1)="R")),MID(H6,2,1)<>"A"),"","M") | L6: =IF(OR(H6="",NOT(OR(LEFT(H6,1)="G",LEFT(H6,1)="R")),MID(H6,2,1)<>"A"),"","K") | M6: =IF(OR(H6="",NOT(OR(LEFT(H6,1)="G",LEFT(H6,1)="R"))),"","") | N6: =IF(OR(H6="",NOT(OR(LEFT(H6,1)="G",LEFT(H6,1)="R"))),"","") | O6: =IF(OR(H6="",NOT(OR(LEFT(H6,1)="G",LEFT(H6,1)="R"))),"","") | P6: =IF(OR(H6="",NOT(OR(LEFT(H6,1)="G",LEFT(H6,1)="R"))),"",IFERROR(VLOOKUP(MID(H6,3,1),Map!$G$2:$H$10,2,FALSE),"")) -> PVD | Q6: =IF(A6="","",IFERROR(VLOOKUP(MID(A6,4,1),Map!$O$2:$P$10,2,FALSE),"")) -> отверстие с зенковкой 40°-60°/односторонний (***T)
B7: =LEFT(A7,4) | C7: =LEFT(A7,2)&"**" -> ** | D7: =MID(A7,5,2) | E7: =IFERROR(VLOOKUP(MID(A7,7,2),Map!$A$2:$B$20,2,FALSE),"") | F7: =IF(A7="","",IFERROR(VLOOKUP(MID(A7,9,2),Map!$R$2:$S$14,2,FALSE),"")) | G7: =IFERROR(MID(A7,FIND("-",A7)+1,FIND("-",A7,FIND("-",A7)+1)-FIND("-",A7)-1),"") | H7: =IFERROR(RIGHT(A7,LEN(A7)-FIND("-",A7,FIND("-",A7)+1)),"") | I7: =IF(A7="","",IFERROR(VLOOKUP(LEFT(A7,1),Map!$D$2:$E$20,2,FALSE),"")) | J7: =IF(OR(H7="",NOT(OR(LEFT(H7,1)="G",LEFT(H7,1)="R"))),"",IFERROR(VLOOKUP(MID(H7,2,1),Map!$J$2:$M$10,2,FALSE),"")) | K7: =IF(OR(H7="",NOT(OR(LEFT(H7,1)="G",LEFT(H7,1)="R")),MID(H7,2,1)<>"A"),"","M") | L7: =IF(OR(H7="",NOT(OR(LEFT(H7,1)="G",LEFT(H7,1)="R")),MID(H7,2,1)<>"A"),"","K") | M7: =IF(OR(H7="",NOT(OR(LEFT(H7,1)="G",LEFT(H7,1)="R"))),"","") | N7: =IF(OR(H7="",NOT(OR(LEFT(H7,1)="G",LEFT(H7,1)="R"))),"","") | O7: =IF(OR(H7="",NOT(OR(LEFT(H7,1)="G",LEFT(H7,1)="R"))),"","") | P7: =IF(OR(H7="",NOT(OR(LEFT(H7,1)="G",LEFT(H7,1)="R"))),"",IFERROR(VLOOKUP(MID(H7,3,1),Map!$G$2:$H$10,2,FALSE),"")) | Q7: =IF(A7="","",IFERROR(VLOOKUP(MID(A7,4,1),Map!$O$2:$P$10,2,FALSE),""))
B8: =LEFT(A8,4) | C8: =LEFT(A8,2)&"**" -> ** | D8: =MID(A8,5,2) | E8: =IFERROR(VLOOKUP(MID(A8,7,2),Map!$A$2:$B$20,2,FALSE),"") | F8: =IF(A8="","",IFERROR(VLOOKUP(MID(A8,9,2),Map!$R$2:$S$14,2,FALSE),"")) | G8: =IFERROR(MID(A8,FIND("-",A8)+1,FIND("-",A8,FIND("-",A8)+1)-FIND("-",A8)-1),"") | H8: =IFERROR(RIGHT(A8,LEN(A8)-FIND("-",A8,FIND("-",A8)+1)),"") | I8: =IF(A8="","",IFERROR(VLOOKUP(LEFT(A8,1),Map!$D$2:$E$20,2,FALSE),"")) | J8: =IF(OR(H8="",NOT(OR(LEFT(H8,1)="G",LEFT(H8,1)="R"))),"",IFERROR(VLOOKUP(MID(H8,2,1),Map!$J$2:$M$10,2,FALSE),"")) | K8: =IF(OR(H8="",NOT(OR(LEFT(H8,1)="G",LEFT(H8,1)="R")),MID(H8,2,1)<>"A"),"","M") | L8: =IF(OR(H8="",NOT(OR(LEFT(H8,1)="G",LEFT(H8,1)="R")),MID(H8,2,1)<>"A"),"","K") | M8: =IF(OR(H8="",NOT(OR(LEFT(H8,1)="G",LEFT(H8,1)="R"))),"","") | N8: =IF(OR(H8="",NOT(OR(LEFT(H8,1)="G",LEFT(H8,1)="R"))),"","") | O8: =IF(OR(H8="",NOT(OR(LEFT(H8,1)="G",LEFT(H8,1)="R"))),"","") | P8: =IF(OR(H8="",NOT(OR(LEFT(H8,1)="G",LEFT(H8,1)="R"))),"",IFERROR(VLOOKUP(MID(H8,3,1),Map!$G$2:$H$10,2,FALSE),"")) | Q8: =IF(A8="","",IFERROR(VLOOKUP(MID(A8,4,1),Map!$O$2:$P$10,2,FALSE),""))
B9: =LEFT(A9,4) | C9: =LEFT(A9,2)&"**" -> ** | D9: =MID(A9,5,2) | E9: =IFERROR(VLOOKUP(MID(A9,7,2),Map!$A$2:$B$20,2,FALSE),"") | F9: =IF(A9="","",IFERROR(VLOOKUP(MID(A9,9,2),Map!$R$2:$S$14,2,FALSE),"")) | G9: =IFERROR(MID(A9,FIND("-",A9)+1,FIND("-",A9,FIND("-",A9)+1)-FIND("-",A9)-1),"") | H9: =IFERROR(RIGHT(A9,LEN(A9)-FIND("-",A9,FIND("-",A9)+1)),"") | I9: =IF(A9="","",IFERROR(VLOOKUP(LEFT(A9,1),Map!$D$2:$E$20,2,FALSE),"")) | J9: =IF(OR(H9="",NOT(OR(LEFT(H9,1)="G",LEFT(H9,1)="R"))),"",IFERROR(VLOOKUP(MID(H9,2,1),Map!$J$2:$M$10,2,FALSE),"")) | K9: =IF(OR(H9="",NOT(OR(LEFT(H9,1)="G",LEFT(H9,1)="R")),MID(H9,2,1)<>"A"),"","M") | L9: =IF(OR(H9="",NOT(OR(LEFT(H9,1)="G",LEFT(H9,1)="R")),MID(H9,2,1)<>"A"),"","K") | M9: =IF(OR(H9="",NOT(OR(LEFT(H9,1)="G",LEFT(H9,1)="R"))),"","") | N9: =IF(OR(H9="",NOT(OR(LEFT(H9,1)="G",LEFT(H9,1)="R"))),"","") | O9: =IF(OR(H9="",NOT(OR(LEFT(H9,1)="G",LEFT(H9,1)="R"))),"","") | P9: =IF(OR(H9="",NOT(OR(LEFT(H9,1)="G",LEFT(H9,1)="R"))),"",IFERROR(VLOOKUP(MID(H9,3,1),Map!$G$2:$H$10,2,FALSE),"")) | Q9: =IF(A9="","",IFERROR(VLOOKUP(MID(A9,4,1),Map!$O$2:$P$10,2,FALSE),""))
B10: =LEFT(A10,4) | C10: =LEFT(A10,2)&"**" -> ** | D10: =MID(A10,5,2) | E10: =IFERROR(VLOOKUP(MID(A10,7,2),Map!$A$2:$B$20,2,FALSE),"") | F10: =IF(A10="","",IFERROR(VLOOKUP(MID(A10,9,2),Map!$R$2:$S$14,2,FALSE),"")) | G10: =IFERROR(MID(A10,FIND("-",A10)+1,FIND("-",A10,FIND("-",A10)+1)-FIND("-",A10)-1),"") | H10: =IFERROR(RIGHT(A10,LEN(A10)-FIND("-",A10,FIND("-",A10)+1)),"") | I10: =IF(A10="","",IFERROR(VLOOKUP(LEFT(A10,1),Map!$D$2:$E$20,2,FALSE),"")) | J10: =IF(OR(H10="",NOT(OR(LEFT(H10,1)="G",LEFT(H10,1)="R"))),"",IFERROR(VLOOKUP(MID(H10,2,1),Map!$J$2:$M$10,2,FALSE),"")) | K10: =IF(OR(H10="",NOT(OR(LEFT(H10,1)="G",LEFT(H10,1)="R")),MID(H10,2,1)<>"A"),"","M") | L10: =IF(OR(H10="",NOT(OR(LEFT(H10,1)="G",LEFT(H10,1)="R")),MID(H10,2,1)<>"A"),"","K") | M10: =IF(OR(H10="",NOT(OR(LEFT(H10,1)="G",LEFT(H10,1)="R"))),"","") | N10: =IF(OR(H10="",NOT(OR(LEFT(H10,1)="G",LEFT(H10,1)="R"))),"","") | O10: =IF(OR(H10="",NOT(OR(LEFT(H10,1)="G",LEFT(H10,1)="R"))),"","") | P10: =IF(OR(H10="",NOT(OR(LEFT(H10,1)="G",LEFT(H10,1)="R"))),"",IFERROR(VLOOKUP(MID(H10,3,1),Map!$G$2:$H$10,2,FALSE),"")) | Q10: =IF(A10="","",IFERROR(VLOOKUP(MID(A10,4,1),Map!$O$2:$P$10,2,FALSE),""))
B11: =LEFT(A11,4) | C11: =LEFT(A11,2)&"**" -> ** | D11: =MID(A11,5,2) | E11: =IFERROR(VLOOKUP(MID(A11,7,2),Map!$A$2:$B$20,2,FALSE),"") | F11: =IF(A11="","",IFERROR(VLOOKUP(MID(A11,9,2),Map!$R$2:$S$14,2,FALSE),"")) | G11: =IFERROR(MID(A11,FIND("-",A11)+1,FIND("-",A11,FIND("-",A11)+1)-FIND("-",A11)-1),"") | H11: =IFERROR(RIGHT(A11,LEN(A11)-FIND("-",A11,FIND("-",A11)+1)),"") | I11: =IF(A11="","",IFERROR(VLOOKUP(LEFT(A11,1),Map!$D$2:$E$20,2,FALSE),"")) | J11: =IF(OR(H11="",NOT(OR(LEFT(H11,1)="G",LEFT(H11,1)="R"))),"",IFERROR(VLOOKUP(MID(H11,2,1),Map!$J$2:$M$10,2,FALSE),"")) | K11: =IF(OR(H11="",NOT(OR(LEFT(H11,1)="G",LEFT(H11,1)="R")),MID(H11,2,1)<>"A"),"","M") | L11: =IF(OR(H11="",NOT(OR(LEFT(H11,1)="G",LEFT(H11,1)="R")),MID(H11,2,1)<>"A"),"","K") | M11: =IF(OR(H11="",NOT(OR(LEFT(H11,1)="G",LEFT(H11,1)="R"))),"","") | N11: =IF(OR(H11="",NOT(OR(LEFT(H11,1)="G",LEFT(H11,1)="R"))),"","") | O11: =IF(OR(H11="",NOT(OR(LEFT(H11,1)="G",LEFT(H11,1)="R"))),"","") | P11: =IF(OR(H11="",NOT(OR(LEFT(H11,1)="G",LEFT(H11,1)="R"))),"",IFERROR(VLOOKUP(MID(H11,3,1),Map!$G$2:$H$10,2,FALSE),"")) | Q11: =IF(A11="","",IFERROR(VLOOKUP(MID(A11,4,1),Map!$O$2:$P$10,2,FALSE),""))
B12: =LEFT(A12,4) | C12: =LEFT(A12,2)&"**" -> ** | D12: =MID(A12,5,2) | E12: =IFERROR(VLOOKUP(MID(A12,7,2),Map!$A$2:$B$20,2,FALSE),"") | F12: =IF(A12="","",IFERROR(VLOOKUP(MID(A12,9,2),Map!$R$2:$S$14,2,FALSE),"")) | G12: =IFERROR(MID(A12,FIND("-",A12)+1,FIND("-",A12,FIND("-",A12)+1)-FIND("-",A12)-1),"") | H12: =IFERROR(RIGHT(A12,LEN(A12)-FIND("-",A12,FIND("-",A12)+1)),"") | I12: =IF(A12="","",IFERROR(VLOOKUP(LEFT(A12,1),Map!$D$2:$E$20,2,FALSE),"")) | J12: =IF(OR(H12="",NOT(OR(LEFT(H12,1)="G",LEFT(H12,1)="R"))),"",IFERROR(VLOOKUP(MID(H12,2,1),Map!$J$2:$M$10,2,FALSE),"")) | K12: =IF(OR(H12="",NOT(OR(LEFT(H12,1)="G",LEFT(H12,1)="R")),MID(H12,2,1)<>"A"),"","M") | L12: =IF(OR(H12="",NOT(OR(LEFT(H12,1)="G",LEFT(H12,1)="R")),MID(H12,2,1)<>"A"),"","K") | M12: =IF(OR(H12="",NOT(OR(LEFT(H12,1)="G",LEFT(H12,1)="R"))),"","") | N12: =IF(OR(H12="",NOT(OR(LEFT(H12,1)="G",LEFT(H12,1)="R"))),"","") | O12: =IF(OR(H12="",NOT(OR(LEFT(H12,1)="G",LEFT(H12,1)="R"))),"","") | P12: =IF(OR(H12="",NOT(OR(LEFT(H12,1)="G",LEFT(H12,1)="R"))),"",IFERROR(VLOOKUP(MID(H12,3,1),Map!$G$2:$H$10,2,FALSE),"")) | Q12: =IF(A12="","",IFERROR(VLOOKUP(MID(A12,4,1),Map!$O$2:$P$10,2,FALSE),""))
B13: =LEFT(A13,4) | C13: =LEFT(A13,2)&"**" -> ** | D13: =MID(A13,5,2) | E13: =IFERROR(VLOOKUP(MID(A13,7,2),Map!$A$2:$B$20,2,FALSE),"") | F13: =IF(A13="","",IFERROR(VLOOKUP(MID(A13,9,2),Map!$R$2:$S$14,2,FALSE),"")) | G13: =IFERROR(MID(A13,FIND("-",A13)+1,FIND("-",A13,FIND("-",A13)+1)-FIND("-",A13)-1),"") | H13: =IFERROR(RIGHT(A13,LEN(A13)-FIND("-",A13,FIND("-",A13)+1)),"") | I13: =IF(A13="","",IFERROR(VLOOKUP(LEFT(A13,1),Map!$D$2:$E$20,2,FALSE),"")) | J13: =IF(OR(H13="",NOT(OR(LEFT(H13,1)="G",LEFT(H13,1)="R"))),"",IFERROR(VLOOKUP(MID(H13,2,1),Map!$J$2:$M$10,2,FALSE),"")) | K13: =IF(OR(H13="",NOT(OR(LEFT(H13,1)="G",LEFT(H13,1)="R")),MID(H13,2,1)<>"A"),"","M") | L13: =IF(OR(H13="",NOT(OR(LEFT(H13,1)="G",LEFT(H13,1)="R")),MID(H13,2,1)<>"A"),"","K") | M13: =IF(OR(H13="",NOT(OR(LEFT(H13,1)="G",LEFT(H13,1)="R"))),"","") | N13: =IF(OR(H13="",NOT(OR(LEFT(H13,1)="G",LEFT(H13,1)="R"))),"","") | O13: =IF(OR(H13="",NOT(OR(LEFT(H13,1)="G",LEFT(H13,1)="R"))),"","") | P13: =IF(OR(H13="",NOT(OR(LEFT(H13,1)="G",LEFT(H13,1)="R"))),"",IFERROR(VLOOKUP(MID(H13,3,1),Map!$G$2:$H$10,2,FALSE),"")) | Q13: =IF(A13="","",IFERROR(VLOOKUP(MID(A13,4,1),Map!$O$2:$P$10,2,FALSE),""))
B14: =LEFT(A14,4) | C14: =LEFT(A14,2)&"**" -> ** | D14: =MID(A14,5,2) | E14: =IFERROR(VLOOKUP(MID(A14,7,2),Map!$A$2:$B$20,2,FALSE),"") | F14: =IF(A14="","",IFERROR(VLOOKUP(MID(A14,9,2),Map!$R$2:$S$14,2,FALSE),"")) | G14: =IFERROR(MID(A14,FIND("-",A14)+1,FIND("-",A14,FIND("-",A14)+1)-FIND("-",A14)-1),"") | H14: =IFERROR(RIGHT(A14,LEN(A14)-FIND("-",A14,FIND("-",A14)+1)),"") | I14: =IF(A14="","",IFERROR(VLOOKUP(LEFT(A14,1),Map!$D$2:$E$20,2,FALSE),"")) | J14: =IF(OR(H14="",NOT(OR(LEFT(H14,1)="G",LEFT(H14,1)="R"))),"",IFERROR(VLOOKUP(MID(H14,2,1),Map!$J$2:$M$10,2,FALSE),"")) | K14: =IF(OR(H14="",NOT(OR(LEFT(H14,1)="G",LEFT(H14,1)="R")),MID(H14,2,1)<>"A"),"","M") | L14: =IF(OR(H14="",NOT(OR(LEFT(H14,1)="G",LEFT(H14,1)="R")),MID(H14,2,1)<>"A"),"","K") | M14: =IF(OR(H14="",NOT(OR(LEFT(H14,1)="G",LEFT(H14,1)="R"))),"","") | N14: =IF(OR(H14="",NOT(OR(LEFT(H14,1)="G",LEFT(H14,1)="R"))),"","") | O14: =IF(OR(H14="",NOT(OR(LEFT(H14,1)="G",LEFT(H14,1)="R"))),"","") | P14: =IF(OR(H14="",NOT(OR(LEFT(H14,1)="G",LEFT(H14,1)="R"))),"",IFERROR(VLOOKUP(MID(H14,3,1),Map!$G$2:$H$10,2,FALSE),"")) | Q14: =IF(A14="","",IFERROR(VLOOKUP(MID(A14,4,1),Map!$O$2:$P$10,2,FALSE),""))
B15: =LEFT(A15,4) | C15: =LEFT(A15,2)&"**" -> ** | D15: =MID(A15,5,2) | E15: =IFERROR(VLOOKUP(MID(A15,7,2),Map!$A$2:$B$20,2,FALSE),"") | F15: =IF(A15="","",IFERROR(VLOOKUP(MID(A15,9,2),Map!$R$2:$S$14,2,FALSE),"")) | G15: =IFERROR(MID(A15,FIND("-",A15)+1,FIND("-",A15,FIND("-",A15)+1)-FIND("-",A15)-1),"") | H15: =IFERROR(RIGHT(A15,LEN(A15)-FIND("-",A15,FIND("-",A15)+1)),"") | I15: =IF(A15="","",IFERROR(VLOOKUP(LEFT(A15,1),Map!$D$2:$E$20,2,FALSE),"")) | J15: =IF(OR(H15="",NOT(OR(LEFT(H15,1)="G",LEFT(H15,1)="R"))),"",IFERROR(VLOOKUP(MID(H15,2,1),Map!$J$2:$M$10,2,FALSE),"")) | K15: =IF(OR(H15="",NOT(OR(LEFT(H15,1)="G",LEFT(H15,1)="R")),MID(H15,2,1)<>"A"),"","M") | L15: =IF(OR(H15="",NOT(OR(LEFT(H15,1)="G",LEFT(H15,1)="R")),MID(H15,2,1)<>"A"),"","K") | M15: =IF(OR(H15="",NOT(OR(LEFT(H15,1)="G",LEFT(H15,1)="R"))),"","") | N15: =IF(OR(H15="",NOT(OR(LEFT(H15,1)="G",LEFT(H15,1)="R"))),"","") | O15: =IF(OR(H15="",NOT(OR(LEFT(H15,1)="G",LEFT(H15,1)="R"))),"","") | P15: =IF(OR(H15="",NOT(OR(LEFT(H15,1)="G",LEFT(H15,1)="R"))),"",IFERROR(VLOOKUP(MID(H15,3,1),Map!$G$2:$H$10,2,FALSE),"")) | Q15: =IF(A15="","",IFERROR(VLOOKUP(MID(A15,4,1),Map!$O$2:$P$10,2,FALSE),""))
B16: =LEFT(A16,4) | C16: =LEFT(A16,2)&"**" -> ** | D16: =MID(A16,5,2) | E16: =IFERROR(VLOOKUP(MID(A16,7,2),Map!$A$2:$B$20,2,FALSE),"") | F16: =IF(A16="","",IFERROR(VLOOKUP(MID(A16,9,2),Map!$R$2:$S$14,2,FALSE),"")) | G16: =IFERROR(MID(A16,FIND("-",A16)+1,FIND("-",A16,FIND("-",A16)+1)-FIND("-",A16)-1),"") | H16: =IFERROR(RIGHT(A16,LEN(A16)-FIND("-",A16,FIND("-",A16)+1)),"") | I16: =IF(A16="","",IFERROR(VLOOKUP(LEFT(A16,1),Map!$D$2:$E$20,2,FALSE),"")) | J16: =IF(OR(H16="",NOT(OR(LEFT(H16,1)="G",LEFT(H16,1)="R"))),"",IFERROR(VLOOKUP(MID(H16,2,1),Map!$J$2:$M$10,2,FALSE),"")) | K16: =IF(OR(H16="",NOT(OR(LEFT(H16,1)="G",LEFT(H16,1)="R")),MID(H16,2,1)<>"A"),"","M") | L16: =IF(OR(H16="",NOT(OR(LEFT(H16,1)="G",LEFT(H16,1)="R")),MID(H16,2,1)<>"A"),"","K") | M16: =IF(OR(H16="",NOT(OR(LEFT(H16,1)="G",LEFT(H16,1)="R"))),"","") | N16: =IF(OR(H16="",NOT(OR(LEFT(H16,1)="G",LEFT(H16,1)="R"))),"","") | O16: =IF(OR(H16="",NOT(OR(LEFT(H16,1)="G",LEFT(H16,1)="R"))),"","") | P16: =IF(OR(H16="",NOT(OR(LEFT(H16,1)="G",LEFT(H16,1)="R"))),"",IFERROR(VLOOKUP(MID(H16,3,1),Map!$G$2:$H$10,2,FALSE),"")) | Q16: =IF(A16="","",IFERROR(VLOOKUP(MID(A16,4,1),Map!$O$2:$P$10,2,FALSE),""))
B17: =LEFT(A17,4) | C17: =LEFT(A17,2)&"**" -> ** | D17: =MID(A17,5,2) | E17: =IFERROR(VLOOKUP(MID(A17,7,2),Map!$A$2:$B$20,2,FALSE),"") | F17: =IF(A17="","",IFERROR(VLOOKUP(MID(A17,9,2),Map!$R$2:$S$14,2,FALSE),"")) | G17: =IFERROR(MID(A17,FIND("-",A17)+1,FIND("-",A17,FIND("-",A17)+1)-FIND("-",A17)-1),"") | H17: =IFERROR(RIGHT(A17,LEN(A17)-FIND("-",A17,FIND("-",A17)+1)),"") | I17: =IF(A17="","",IFERROR(VLOOKUP(LEFT(A17,1),Map!$D$2:$E$20,2,FALSE),"")) | J17: =IF(OR(H17="",NOT(OR(LEFT(H17,1)="G",LEFT(H17,1)="R"))),"",IFERROR(VLOOKUP(MID(H17,2,1),Map!$J$2:$M$10,2,FALSE),"")) | K17: =IF(OR(H17="",NOT(OR(LEFT(H17,1)="G",LEFT(H17,1)="R")),MID(H17,2,1)<>"A"),"","M") | L17: =IF(OR(H17="",NOT(OR(LEFT(H17,1)="G",LEFT(H17,1)="R")),MID(H17,2,1)<>"A"),"","K") | M17: =IF(OR(H17="",NOT(OR(LEFT(H17,1)="G",LEFT(H17,1)="R"))),"","") | N17: =IF(OR(H17="",NOT(OR(LEFT(H17,1)="G",LEFT(H17,1)="R"))),"","") | O17: =IF(OR(H17="",NOT(OR(LEFT(H17,1)="G",LEFT(H17,1)="R"))),"","") | P17: =IF(OR(H17="",NOT(OR(LEFT(H17,1)="G",LEFT(H17,1)="R"))),"",IFERROR(VLOOKUP(MID(H17,3,1),Map!$G$2:$H$10,2,FALSE),"")) | Q17: =IF(A17="","",IFERROR(VLOOKUP(MID(A17,4,1),Map!$O$2:$P$10,2,FALSE),""))
B18: =LEFT(A18,4) | C18: =LEFT(A18,2)&"**" -> ** | D18: =MID(A18,5,2) | E18: =IFERROR(VLOOKUP(MID(A18,7,2),Map!$A$2:$B$20,2,FALSE),"") | F18: =IF(A18="","",IFERROR(VLOOKUP(MID(A18,9,2),Map!$R$2:$S$14,2,FALSE),"")) | G18: =IFERROR(MID(A18,FIND("-",A18)+1,FIND("-",A18,FIND("-",A18)+1)-FIND("-",A18)-1),"") | H18: =IFERROR(RIGHT(A18,LEN(A18)-FIND("-",A18,FIND("-",A18)+1)),"") | I18: =IF(A18="","",IFERROR(VLOOKUP(LEFT(A18,1),Map!$D$2:$E$20,2,FALSE),"")) | J18: =IF(OR(H18="",NOT(OR(LEFT(H18,1)="G",LEFT(H18,1)="R"))),"",IFERROR(VLOOKUP(MID(H18,2,1),Map!$J$2:$M$10,2,FALSE),"")) | K18: =IF(OR(H18="",NOT(OR(LEFT(H18,1)="G",LEFT(H18,1)="R")),MID(H18,2,1)<>"A"),"","M") | L18: =IF(OR(H18="",NOT(OR(LEFT(H18,1)="G",LEFT(H18,1)="R")),MID(H18,2,1)<>"A"),"","K") | M18: =IF(OR(H18="",NOT(OR(LEFT(H18,1)="G",LEFT(H18,1)="R"))),"","") | N18: =IF(OR(H18="",NOT(OR(LEFT(H18,1)="G",LEFT(H18,1)="R"))),"","") | O18: =IF(OR(H18="",NOT(OR(LEFT(H18,1)="G",LEFT(H18,1)="R"))),"","") | P18: =IF(OR(H18="",NOT(OR(LEFT(H18,1)="G",LEFT(H18,1)="R"))),"",IFERROR(VLOOKUP(MID(H18,3,1),Map!$G$2:$H$10,2,FALSE),"")) | Q18: =IF(A18="","",IFERROR(VLOOKUP(MID(A18,4,1),Map!$O$2:$P$10,2,FALSE),""))
... B1001: =LEFT(A1001,4) | C1001: =LEFT(A1001,2)&"**" -> ** | D1001: =MID(A1001,5,2) | E1001: =IFERROR(VLOOKUP(MID(A1001,7,2),Map!$A$2:$B$20,2,FALSE),"") | F1001: =IF(A1001="","",IFERROR(VLOOKUP(MID(A1001,9,2),Map!$R$2:$S$14,2,FALSE),"")) | G1001: =IFERROR(MID(A1001,FIND("-",A1001)+1,FIND("-",A1001,FIND("-",A1001)+1)-FIND("-",A1001)-1),"") | H1001: =IFERROR(RIGHT(A1001,LEN(A1001)-FIND("-",A1001,FIND("-",A1001)+1)),"") | I1001: =IF(A1001="","",IFERROR(VLOOKUP(LEFT(A1001,1),Map!$D$2:$E$20,2,FALSE),"")) | J1001: =IF(OR(H1001="",NOT(OR(LEFT(H1001,1)="G",LEFT(H1001,1)="R"))),"",IFERROR(VLOOKUP(MID(H1001,2,1),Map!$J$2:$M$10,2,FALSE),"")) | K1001: =IF(OR(H1001="",NOT(OR(LEFT(H1001,1)="G",LEFT(H1001,1)="R")),MID(H1001,2,1)<>"A"),"","M") | L1001: =IF(OR(H1001="",NOT(OR(LEFT(H1001,1)="G",LEFT(H1001,1)="R")),MID(H1001,2,1)<>"A"),"","K") | M1001: =IF(OR(H1001="",NOT(OR(LEFT(H1001,1)="G",LEFT(H1001,1)="R"))),"","") | N1001: =IF(OR(H1001="",NOT(OR(LEFT(H1001,1)="G",LEFT(H1001,1)="R"))),"","") | O1001: =IF(OR(H1001="",NOT(OR(LEFT(H1001,1)="G",LEFT(H1001,1)="R"))),"","") | P1001: =IF(OR(H1001="",NOT(OR(LEFT(H1001,1)="G",LEFT(H1001,1)="R"))),"",IFERROR(VLOOKUP(MID(H1001,3,1),Map!$G$2:$H$10,2,FALSE),"")) | Q1001: =IF(A1001="","",IFERROR(VLOOKUP(MID(A1001,4,1),Map!$O$2:$P$10,2,FALSE),""))

Sheet Map
A1: Code | B1: S | D1: Code | E1: shape | G1: Code | H1: Material_plastiny | J1: Code | K1: m1 | L1: m2 | M1: m3 | O1: Code | P1: Konstruktciia_plastiny | R1: Code | S1: re
A2: 01 | B2: 1.59 | D2: V | E2: Ромб 35° (V***) | G2: 1 | H2: CVD | J2: A | K2: P | L2: M | M2: K | O2: M | P2: с отверстием/односторонний (***M) | R2: X0 | S2: 0.04
A3: 02 | B3: 2.38 | D3: F | E3: Ромб 50° (F***) | G3: 2 | H3: CVD | J3: P | K3: P | O3: G | P3: с отверстием/двухсторонний (***G) | R3: 01 | S3: 0.1
A4: 03 | B4: 3.18 | D4: D | E4: Ромб 55° (D***) | G4: 3 | H4: PVD | J4: M | K4: M | O4: A | P4: с отверстием/без стружколома (***A) | R4: 02 | S4: 0.2
A5: 04 | B5: 4.76 | D5: E | E5: Ромб 75° (E***) | G5: 4 | H5: PVD | J5: S | K5: S | O5: T | P5: отверстие с зенковкой 40°-60°/односторонний (***T) | R5: 04 | S5: 0.4
A6: 05 | B6: 5.56 | D6: C | E6: Ромб 80° (С***) | G6: 6 | H6: CVD | J6: K | K6: K | O6: N | P6: без отверстия/без стружколома (***N) | R6: 08 | S6: 0.8
A7: 06 | B7: 6.35 | D7: M | E7: Ромб 86° (M***) | G7: 7 | H7: CVD | J7: H | K7: H | O7: W | P7: отверстие с зенковкой 40°-60°/без стружколома (***W) | R7: 12 | S7: 1.2
A8: 07 | B8: 7.94 | D8: W | E8: Ломаный треугольник 80° (W***) | J8: N | K8: N | O8: H | P8: отверстие с зенковкой 70°-90°/односторонний (***H) | R8: 16 | S8: 1.6
A9: 09 | B9: 9.52 | D9: T | E9: Треугольник 60° (T***) | O9: X | P9: иная (***X) | R9: 20 | S9: 2
A10: 11 | B10: 11.11 | D10: R | E10: Круг (R***) | R10: 24 | S10: 2.4
A11: 12 | B11: 12.7 | D11: S | E11: Квадрат 90° (S***) | R11: 28 | S11: 2.8
A12: T1 | B12: 1.98 | D12: H | E12: Шестиугольник 120° (H***) | R12: 32 | S12: 3.2
A13: T2 | B13: 2.78 | D13: K | E13: Параллелограмм 55° (K***) | R13: 00 | S13: круглая пластина
A14: T3 | B14: 3.97 | D14: B | E14: Параллелограмм 82° (B***) | R14: M0 | S14: круглая пластина
D15: A | E15: Параллелограмм 85° (A***)
D16: Q | E16: Восьмиугольник 135° (O***)
D17: L | E17: Прямоугольник 90° (L***)
D18: P | E18: Пятиугольник 108° (P***)
